z_1,z_2,z_3,z_4,z_5,z_6,z_7,z_8,z_9,z_10,z_11,z_12,z_13,z_14,z_15,Stock_ID,Month,Excess_Return,Weights
0.28399998752083705,0.7208916683938271,0.555044065718599,0.45394069549726923,0.11830319292638297,0.009208786612569691,0.02337513322788803,0.01799747389566583,0.014719166138305283,0.0038360172785739774,0.008286157618996379,0.021033176947214665,0.016194305690578437,0.013244451823404528,0.0034516864313123394,1,1,0.6300272583501503,0.7175977656581762
0.05048142091212611,0.01879645046274799,0.28030345235633175,0.19452696068429887,0.22913952207435886,0.07622566010272758,0.02838216156009625,0.4232510753238812,0.2937307571383397,0.34599484345231557,0.12017933560437917,0.044748045667451865,0.6673085278331745,0.4631034640025868,0.5455043662803591,1,2,1.5527101499770364,0.6924361513243696
0.01406528978210479,0.6627349177073897,0.568804207749038,0.1450903325992031,0.12424015944424127,0.00917868171589505,0.43248542802050516,0.37118842643631544,0.09468258412107523,0.08107624496450969,0.005632466551254391,0.2653931994408299,0.22777850467292565,0.05810164297611038,0.04975215962365216,1,3,0.8318428455698101,0.9912559937021883
0.1828771302142752,0.30336739443788996,0.5232474945958393,0.4307029608091329,0.29039171085133253,0.07816357284528676,0.12966235529968906,0.22364137938972942,0.18408689053923852,0.12411641421866423,0.08278641595138414,0.1373310007248919,0.23686824417233462,0.19497437663889083,0.13145705499208402,1,4,1.3154360075522245,0.12839428945412523
0.1001137086416598,0.02282451851266531,0.04780182373402957,0.059945524738537335,0.07462391354841567,0.4863065231556325,0.1108710524382349,0.23219935627198346,0.29118789134745143,0.36248877835392973,0.424431477861867,0.0967644117399612,0.20265555004606084,0.254138698897377,0.3163676417638019,1,5,1.6830451515045486,0.10410964938416634
0.1733429929677783,0.044081903571168375,0.11352733785121868,0.13078713497809355,0.010254839630072008,0.064683616691981,0.01644933495627567,0.04236317072818899,0.048803731620913705,0.0038266335691608524,0.5343116937337876,0.1358778694013821,0.3499361764432447,0.403137700649512,0.031609473437040826,1,6,0.9939467382440991,0.7243388171287412
0.3976449187482629,0.11160995125879568,0.042576997115717476,0.6210562252014865,0.6320169945163912,0.1660174188607842,0.04659734138057343,0.01777596752963751,0.2592920130852876,0.2638681526122733,0.5776922621058996,0.1621451756989276,0.06185518943604669,0.902260682120599,0.9181843147923816,1,7,1.8884268511633446,0.5783869170064091
0.12211479912774312,0.04601431377876315,0.014754143627588085,0.10335879847179123,0.06648850776641006,0.3494983066612972,0.13169513329040627,0.0422270539763603,0.2958177493839107,0.19029324080931562,0.7628166075039612,0.28743840209425076,0.09216496173284854,0.64565317692133,0.4153349003941572,1,8,1.7032147115759537,0.27416066655980587
0.05122278087379902,0.20783927588477108,0.014433801700747921,0.38166661259070994,0.1086170273511664,0.07792457955551463,0.3161833057901725,0.02195796303386124,0.5806246714676416,0.16523773298764544,0.04852171851155194,0.19687956546076718,0.013672683349636098,0.36154069781979936,0.1028894709890817,1,9,0.9915422938583125,0.0794193689889866
0.18167368226463027,0.0854759158041795,0.1426105576623458,0.14991626987621534,0.05068990192698562,0.6519071190796036,0.30671673149348566,0.5117353082576644,0.537950694783661,0.18189265236290278,0.27119290092760956,0.1275939435884518,0.21288152666504995,0.22378710893720097,0.07566721486544993,1,10,1.9739749559452173,0.08565824959643054
0.8669048435838218,0.6930456401127317,0.8400052555099311,0.8000644214476705,0.5345818949347626,0.22296045095565456,0.17824536290925003,0.2160421088424857,0.20576967070815486,0.13748985398979185,0.20662304512703683,0.1651844509024975,0.20021164387391555,0.1906919176664336,0.12741529802113988,1,11,2.160525111697857,0.8941908746641183
0.028701708842305225,0.002755132893542253,0.006101746682501453,0.0014081101615824336,0.010128861482828967,0.6007548561333371,0.05766762788174337,0.1277155297807632,0.02947312378468831,0.2120069838469831,0.3397349412062085,0.032611818228161324,0.0722248477198445,0.016667447418738802,0.11989279729862766,1,12,1.0461150580942895,0.1918673247187429
0.3359564218684143,0.23454277419976474,0.7163261029870218,0.3083626810853391,0.242828061112941,0.18392594398708711,0.12840505000656965,0.392166799377578,0.168819208436576,0.1329409931156038,0.3763147974570629,0.26271834923450904,0.8023782098273146,0.3454062262914468,0.2719989459537668,1,13,2.025765316816177,0.32337156211552076
0.10068397069799796,0.026145039513505504,0.14882800854987996,0.013831046614689112,0.1830927078534844,0.4713983909900194,0.12241004673926753,0.6968068827470001,0.06475641628625246,0.8572328572839494,0.4214560702031011,0.10944130959751604,0.6229836505726246,0.05789579525530857,0.7664132890252449,1,14,2.168274231965891,0.22665640222698802
0.5953403620628995,0.15319425976802417,0.004257120719268068,0.6286570286604743,0.5449317674191999,0.6523794291028114,0.16787167492388558,0.004664991929716377,0.6888881379348832,0.5971412287537188,0.5876967963149977,0.15122740102409388,0.004202463611858572,0.6205857107427767,0.5379353968422812,1,15,2.9381426922854548,0.3549963058319373
0.4565191032422344,0.4829851645664462,0.046368265624008205,0.22447852382283404,0.07255955972295634,0.09567845659912315,0.10122528231084961,0.009717981259875677,0.047046790696121006,0.015207220544548934,0.0237118179981104,0.025086477732587164,0.0024083896326702607,0.011659520628093396,0.0037687778275969216,1,16,0.5684000725229995,0.06942384274609337
0.7947869321598865,0.5739627386367058,0.30470673403202364,0.05852757007160041,0.2863674016605931,0.5322329990301112,0.38435698594840045,0.2040483710996771,0.03919327669429572,0.19176734649635244,0.6874940646792023,0.49648020141374816,0.26357261630549667,0.05062659615574415,0.2477090160808753,1,17,2.1162351309463765,0.5190597909082704
0.15658303789498207,0.3513216826714296,0.3069981728313575,0.4272127660972515,0.22738204118330468,0.038146666587732816,0.0855887794366121,0.07479071232412375,0.10407732005598797,0.055394677671760914,0.0407083317789754,0.09133632743112585,0.07981313712625722,0.11106643003161489,0.05911459949626669,1,18,0.8026604935822934,0.0676125635922149
0.08198966356762405,0.48897586741709914,0.5215678203745502,0.3847921631668038,0.5285483361696587,0.05146210902330735,0.3069134364483677,0.3273702911712253,0.2415208867868046,0.33175172230846245,0.023981603481710804,0.1430232160283309,0.15255621395160573,0.11254995664575412,0.15459798305531766,1,19,1.2353565190981293,0.8003565078223616
0.24274722237767019,0.2569726083269102,0.21017683313334354,0.012495904090326611,0.05303883715006033,0.031706090374939475,0.033564119348895256,0.027451954344822862,0.001632135109616466,0.006927593846759509,0.28737491547534105,0.3042155575421193,0.24881664583003482,0.014793204826700863,0.0627897250218384,1,20,0.6217575048185331,0.23371208191043302
0.00845424365649749,0.1711902031437849,0.08455968555425625,0.13680216161230405,0.24412939557253707,0.025066633070070957,0.5075749152436837,0.25071747354715607,0.4056151830557535,0.7238379007129588,0.009754423637107589,0.1975175819191841,0.09756413808619063,0.157840995960993,0.28167410870106274,1,21,1.2255530278473388,0.5400119146045106
0.1134828457180854,0.1868145754049047,0.3439421019264913,0.10415353500473899,0.035042806028566756,0.00289691029760387,0.004768871134738527,0.008779912158050369,0.0026587582129956127,0.0008945481142874773,0.018060446153204002,0.029730965577965358,0.054737328557079454,0.016575715022972486,0.005576954889801826,1,22,0.38557844000734237,0.8800790875614583
0.11372557822812888,0.06327831640278792,0.36490033795088217,0.317182041779958,0.24860689303412994,0.1390629746690273,0.07737635673628152,0.44619800790453995,0.38784835327930584,0.3039950608050613,0.17385682559568372,0.09673608514664744,0.5578376949438205,0.4848888330926212,0.3800552691622103,1,23,1.7608796332008603,0.6508773690471942
0.25417244297768105,0.23440107038505717,0.05441550448464777,0.26032605914978,0.15730594908397555,0.60564932465361,0.5585375358305823,0.1296628114193573,0.6203123362497825,0.37483308855425695,0.7495627718881788,0.691256353336493,0.1604730862927882,0.7677099854139953,0.4639003420218894,1,24,2.527646691975603,0.5329577865513353
0.612252152576128,0.6794730529241803,0.24113033124870045,0.08344832401049576,0.17283484481365394,0.019852463640500535,0.022032121930677776,0.007818724872741795,0.0027058374744923174,0.005604222799442064,0.017863443879353676,0.019824722048543537,0.007035366264940219,0.0024347394231533735,0.005042735313767012,2,1,0.7129618515260602,0.3243337531153756
0.13821644507781874,0.26471793766773866,0.2785412126762978,0.0022497804847548403,0.1652830465171631,0.2087033124810155,0.3997173450184929,0.4205901382812484,0.0033971112428707088,0.24957319142207887,0.3290470085611509,0.6302046435429943,0.6631132260747153,0.005355972930797351,0.39348351053107805,2,2,1.3466893099598338,0.33300191305819793
0.28521500859624405,0.15176524000284392,0.08190345131434587,0.23069088569231178,0.6442858412408331,0.18612469597547399,0.0990384737963125,0.053448291694932246,0.15054351864272747,0.42044598884349077,0.11421478126088633,0.060774619734226,0.03279836086614292,0.09238051383728793,0.25800523888621524,2,3,1.272354974556729,0.6694869551981901
0.32227356204070223,0.5172988393923621,0.7009974279897487,0.36258398551500076,0.9689877234953574,0.1377430464550901,0.22109886276239782,0.2996135353985248,0.15497213747355656,0.414155353503605,0.1458896097394751,0.23417535499888026,0.31733363590304076,0.16413768417617258,0.43864982261630897,2,4,1.89106995750731,0.9941393612211675
0.1574793040940137,0.041197581351357336,0.08136170061596033,0.04923085876591076,0.04660669012016541,0.7649623001885296,0.2001189729281789,0.3952178605849035,0.23914095365410815,0.22639394480186184,0.6676325817528166,0.17465690338051182,0.3449324503339496,0.20871393564306912,0.19758878813246133,2,5,2.1243159353525813,0.6618391898493786
0.008143517084419594,0.13457328198258045,0.11097625331526804,0.011364943980309064,0.061516672014473875,0.003038785292642954,0.05021654720338865,0.04141122354274409,0.004240873354971992,0.022955187080969566,0.02510154193042625,0.41480810384295713,0.3420727244748387,0.03503125429729552,0.1896187244386006,2,6,0.30418528181162807,0.5577834173700249
0.5944702079141656,0.15679594395592467,0.0948353186755362,0.32035232046252116,0.6451192755766816,0.2481923063878573,0.06546256893045362,0.039593904212113666,0.1337476297614148,0.26933837687583295,0.8636369358007774,0.22779067273904072,0.13777525422847794,0.46540279519081973,0.9372191019293404,2,7,2.1022933060504485,0.7306505102392461
0.036564359008980654,0.10153137878213334,0.11504865343053629,0.03589702640348283,0.1100028263816926,0.10464891765023752,0.2905875881613808,0.3292746648632841,0.10273898030220667,0.31483327019307833,0.22840720775874246,0.6342378030427509,0.7186763941361005,0.22423856974075648,0.6871565398764689,2,8,1.19463669658061,0.46520561228371815
0.1543686275069361,0.26539602975178633,0.26590972569065263,0.22487927062363922,0.03789708293081334,0.2348390733544273,0.40374367969329206,0.4045251589369543,0.3421060378832612,0.05765236098836343,0.14622851323438196,0.25140125604321883,0.25188786394152113,0.2130210129584099,0.0358987067669816,2,9,1.2448276603211226,0.060142342600785215
0.22905264285035196,0.08796277042564406,0.051146211071068544,0.011181163692235251,0.16203182798276491,0.8219189849448731,0.3156404138432895,0.18353004516421934,0.04012182788228565,0.5814254484344266,0.3419177170044963,0.13130618914088044,0.07634836911388634,0.016690652050674507,0.24187257573853013,2,10,1.8942491544918323,0.5622968158779098
0.6058097563645456,0.014831164635161896,0.4578619956349997,0.20250969224116458,0.5768484781405342,0.15580904579328736,0.00381444766369392,0.11775815740077218,0.052083746721637875,0.1483604547502574,0.14439215278834405,0.0035349443740895,0.109129439622168,0.048267315136488374,0.1374893565452429,2,11,1.35734782005532,0.9576252845053802
0.0054287388529176694,0.02151171280611898,0.012040650326091135,0.029164229109736886,0.004281588473397611,0.11362881724181241,0.4502612023216287,0.25202259538431476,0.6104358579944563,0.08961783709431383,0.06425862254937827,0.25462875836366744,0.14252216316087965,0.34520967780554873,0.05068009073156247,2,12,1.0576341835808356,0.17530294235765964
0.29480351427299273,0.09808177422265645,0.7992665575331399,0.7583355080038237,0.2229539738926591,0.1613959761561227,0.05369679439822158,0.43757418082387706,0.41516567355024514,0.12206053358295715,0.33021819956971565,0.10986431750747992,0.8952822840519888,0.8494341959944174,0.24973738873943951,2,13,2.434196036184867,0.6900048908206657
0.12244388049632352,0.1516155701363699,0.10300391689078166,0.09826369669195448,0.044869770993287574,0.5732774328663702,0.7098581364624345,0.4822602878230512,0.4600667632811158,0.21007850309927228,0.5125415330429034,0.6346521887078069,0.43116720295556316,0.41132497223060044,0.18782172795376356,2,14,2.189588976440351,0.20093368865905648
0.07177495749839068,0.6916832271650899,0.6941519495791681,0.48807174328794517,0.26136547190455184,0.07865165673368457,0.7579528243211515,0.7606580729851746,0.5348334928008172,0.28640668130991526,0.07085343992348477,0.6828027168545884,0.685239743379579,0.48180539768593084,0.2580098046324532,2,15,2.19892290373621,0.5358276844730813
0.21868213213071025,0.4546081987122738,0.5617886755263455,0.555511545918164,0.48837391515943684,0.045831967905557276,0.0952779642761592,0.1177411263350909,0.11642554924638189,0.10235467062356908,0.011358453303915137,0.023612564713627042,0.02917956933866119,0.028853532259900054,0.02536637198540314,2,16,1.0073072104666765,0.09667644964671962
0.5912134595907385,0.07748010568097795,0.14883545351924207,0.8274316906509318,0.5584288944404241,0.39590901653330873,0.05188493587796075,0.09966839738202603,0.5540937229691499,0.3739546703736015,0.5114021481487114,0.0670206197799865,0.12874329806888657,0.7157319191246561,0.4830433603504798,2,17,2.5183102206094277,0.45037093625818514
0.004428585921421808,0.04886081593245831,0.3194909320936481,0.00243726575600916,0.07743267106070502,0.0010788894689404862,0.011903442924834206,0.07783419090741084,0.0005937652342812252,0.01886410128235838,0.0011513401925555297,0.012702795479699285,0.08306099459358568,0.0006336383835885185,0.020130883309248032,2,18,0.2993537517197369,0.7561633288952461
0.3761928379193455,0.47433932993853717,0.44696200813306225,0.15375125355697172,0.4882453524416286,0.2361233842949621,0.29772658221979503,0.28054277321004734,0.09650440590591071,0.30645491717075396,0.11003469314397482,0.13874209542260277,0.13073435338096628,0.04497154198685199,0.14280954372237323,2,19,1.44376581218074,0.3475715242389821
0.11663035763280893,0.1599647171264056,0.3669711039453734,0.3193559905554411,0.41747359756410257,0.015233511730215017,0.020893568743376046,0.04793141965835164,0.04171223793685954,0.054527732527151436,0.13807218405342458,0.18937331852027126,0.4344366495535859,0.3780677689882226,0.4942237387438237,2,20,0.9663336511775286,0.664911724487218
0.17689353070028058,0.152871265980964,0.025197894707745954,0.09891312572954293,0.07133768774695586,0.524485146950482,0.45325969856061527,0.07471116358137084,0.2932750851781632,0.21151456185508985,0.2040980254677317,0.17638137140431723,0.029073084444837746,0.11412499696468084,0.08230872634487019,2,21,1.3279202275223883,0.7954499607897292
0.11106900183344193,0.44293400979257436,0.1789460048265195,0.4060775658356327,0.28730701941775716,0.002835291388049883,0.011306907982503932,0.0045680077972736445,0.01036606259431934,0.007334171590944995,0.017676290316918905,0.07049158648307191,0.02847870675122919,0.0646259966904391,0.045724029220435766,2,22,0.362857554048028,0.9271778194794527
0.3119583151992947,0.1972818202547748,0.22643105738183147,0.1933100212401846,0.07663161464432146,0.3814608108417767,0.2412350607505082,0.27687857813135663,0.23637836804899057,0.09370469205048304,0.47690311400247815,0.3015925841100709,0.34615418506566353,0.29552073660365014,0.11714980455503318,2,23,1.6665916606203173,0.23464208185545354
0.21071224693116142,0.08189079125980311,0.007092057473206681,0.188260114309699,0.05165655747281658,0.5020911337005513,0.1951317060213512,0.016899156213521484,0.44859155365199327,0.12308871402746427,0.6213972452331374,0.24149859744710508,0.020914707336994305,0.5551851784748928,0.15233686213939962,2,24,1.7697797500288954,0.39931591580930814
0.713115131810325,0.7233289314860066,0.6937079963702137,0.28067771905662636,0.011720183447428372,0.023122976646447836,0.02345416223042602,0.022493694333482552,0.009101061039679162,0.00038003053933099404,0.02080628395181951,0.021104288028299768,0.020240049479086746,0.008189225079007973,0.00034195525224034923,3,1,1.0074493430793559,0.15241601333041743
0.30041337347960095,0.13856476607332577,0.31281937783268204,0.31183727196272903,0.2760425768204232,0.4536165441347395,0.20922926831447705,0.47234929479754356,0.47086633994256344,0.41681726176491746,0.7151835067062517,0.3298762440513713,0.7447180430508931,0.7423799782973362,0.6571648119522406,3,2,2.9657904706864358,0.9924835021583752
0.20119556659805576,0.26313549749536225,0.581577752507718,0.21655134086814753,0.11581361017894455,0.13129555786346334,0.171716119403137,0.3795241453258639,0.14131637980953,0.07557727445855729,0.08056906872733077,0.10537300766998654,0.23289368997723087,0.08671831174221319,0.04637773523463836,3,3,1.172521970816865,0.9270009679242953
0.555200180515965,0.9334628612553237,0.6940283631044057,0.568421959284678,0.0968970627782565,0.23729828712113343,0.3989716607462648,0.29663488514197944,0.24294941182284804,0.04141480466195205,0.2513328650040813,0.4225681178204543,0.3141788187659051,0.25731821525253146,0.043864208357978454,3,4,1.8425496530490626,0.5399571302805596
0.1006298324930093,0.1619963941395836,0.022921081860872067,0.08481107835670411,0.1435591346395253,0.48881361633071263,0.7869042538394997,0.11134011293721989,0.41197335709892935,0.6973444953843976,0.4266195818883806,0.6867827583838577,0.09717379148567995,0.35955606694022213,0.6086181053757262,3,5,1.957647579032048,0.8420332943764213
0.16353920090766097,0.15387989524719622,0.15508713921210115,0.07936472225577106,0.06481615777621025,0.06102529328999386,0.05742088555389157,0.05787137336734552,0.029615256927126455,0.02418640311479261,0.5040925273805861,0.47431872528236885,0.478039928871822,0.24463347750707853,0.19978904511681558,3,6,0.9783893713439373,0.5209579772720422
0.5297359526642247,0.5302283016568832,0.567508556103423,0.597726182984511,0.334679334391901,0.22116564651678278,0.2213712030449466,0.2369357716484398,0.24955168142716466,0.13972918204686954,0.7695920314454077,0.7703073082914185,0.8244674735738001,0.8683671649953794,0.4862168549105815,3,7,2.662756198440861,0.6235856880027597
0.07575799416921707,0.12058878675357751,0.09818218111691618,0.10603763657857063,0.12021076293971227,0.21682294748321335,0.34513078737186903,0.2810020266976726,0.30348471021770573,0.34404886541181784,0.47323875989030656,0.7532840398660916,0.6133163126166105,0.6623871208107037,0.7509226320325764,3,8,1.9205642881457192,0.08912443211601662
0.37355955417100345,0.141865800319319,0.15764242499475456,0.03944678744892018,0.2427199720119838,0.56829150431016,0.21581867783449812,0.2398194607608956,0.060009907200199955,0.369246875044903,0.3538611380636262,0.1343849809027266,0.1493296779399672,0.03736669279040586,0.22992094451321357,3,9,1.6888941459141271,0.7552704204968079
0.009855917882044932,0.1276740547553323,0.14880140830975824,0.07857396743359879,0.16201546210125578,0.03536639403284644,0.4581380427767356,0.5339501913375814,0.2819501873126534,0.5813667220711315,0.01471239492929263,0.19058510209450397,0.2221229023302154,0.1172910787081995,0.24184814561289292,3,10,1.229181755600204,0.12771348363523483
0.027270249182518663,0.03339298581953062,0.73548650623181,0.3220461656584868,0.11360470318111276,0.007013672954313737,0.0085883880245715,0.18916078773227823,0.0828274969913845,0.029218150111183536,0.006499746735952193,0.007959074709274285,0.17530004901024407,0.0767583200305521,0.02707719294195526,3,11,0.7215539511490702,0.8260676302525284
0.0162595649444237,0.02397304310271155,0.006719389758307121,0.019393123702121474,0.0026572150490989047,0.3403286073538671,0.5017792543076697,0.14064340383822937,0.4059170589338424,0.05561811156636827,0.19246039916237442,0.2837629088142988,0.07953573416211693,0.22955154959393,0.03145278922024502,3,12,1.0588642660036027,0.7820280876703859
0.04467152205799787,0.45928075938642954,0.467302427516751,0.5509677940544421,0.6276030344402476,0.024456302451855923,0.25144227562449006,0.25583389545129714,0.30163814421037477,0.34359361228044893,0.05003790277876712,0.5144540621763293,0.5234393716427815,0.617155441386892,0.7029968573761158,3,13,1.6654559302069862,0.7087446977429764
0.18104546029224988,0.09578688837628033,0.05991666619208575,0.1475273288644663,0.0502462930844336,0.8476477247188172,0.44847044415796955,0.28052747463799554,0.6907171516145587,0.23525116807581287,0.757843653700881,0.40095722558598834,0.2508069804748929,0.6175390962408163,0.21032747396462906,3,14,2.73220911950829,0.036160380524762115
0.3384126573964092,0.06048373822847686,0.01954344187694256,0.7421266915871783,0.6444753365910266,0.37083569383476367,0.06627863509668899,0.02141588285767313,0.8132292352932219,0.706221984847846,0.3340677824953214,0.05970718844403707,0.019292523927403424,0.7325985384131455,0.6362009276612081,3,15,2.559469899917435,0.3031283559453286
0.4358331911871645,0.25609464438321844,0.10852042485166248,0.09796405517655496,0.1567071881746104,0.09134304954886419,0.0536729791675031,0.022743991840750676,0.020531560530361134,0.03284309856049848,0.022637381948685174,0.01330167687349451,0.0056366021594387895,0.00508829932900038,0.008139445422112703,3,16,0.5356201636722622,0.26311256991084286
0.5057541921576189,0.6580341174762173,0.6079413334840851,0.2577765265333297,0.8792856386526241,0.3386807955342051,0.44065580048823044,0.40711091999875515,0.17262132559673152,0.5888179756458914,0.4374795196368939,0.5692023004101288,0.5258718299603198,0.22297778792572542,0.7605858039066669,3,17,2.6801661087196944,0.3601364074715191
0.3553138585012067,0.26693386693580134,0.2945572121957772,0.20204680875504222,0.1192880086071282,0.08656135093851547,0.06503026994407654,0.07175985289147635,0.049222523411911696,0.02906087372824274,0.09237421008037915,0.06939725122433395,0.07657874622408271,0.0525279662232625,0.031012400173824103,3,18,0.8018861918678547,0.08764274676383854
0.24404251168521848,0.519552986395864,0.009867676166685515,0.07957537312854916,0.03153781449093447,0.15317714204678998,0.3261056487594474,0.00619360300555234,0.049946741446672216,0.019795208042909945,0.07138132409933101,0.1519668841817808,0.0028862503737461997,0.02327543451503581,0.009224667218905396,3,19,0.5808798642917824,0.9369578230310628
0.020022057115315708,0.42053975805205596,0.34591436644297247,0.2331012685868352,0.04809473986105799,0.0026151531052443287,0.05492821480902022,0.04518112321535549,0.030446197554543447,0.0062818274650387135,0.023702998183865467,0.49785359535939616,0.40950875089147726,0.2759556080650692,0.05693668362918184,3,20,0.5419979439916655,0.5538022407123763
0.13224142792201657,0.12736078352617858,0.04659016064161989,0.11670323214830422,0.10719514518905385,0.392092715217145,0.37762171968084485,0.13813872759411097,0.34602233117619857,0.3178310775656307,0.1525788660391871,0.14694762627446967,0.0537552716344983,0.13465104773972053,0.12368071000788729,3,21,1.3240536725863217,0.30552431065802355
0.2803473734473719,0.2891074264288742,0.020623298082433482,0.17053121027818557,0.2849040441357582,0.007156510641823471,0.007380131115288786,0.0005264570535530245,0.004353200838344833,0.0072728301274377835,0.04461642295185701,0.04601055846344494,0.003282134512598908,0.027139518058270286,0.04534160308886136,3,22,0.3737804557341569,0.3969815170742834
0.197477739487252,0.3361667437942013,0.25853300605655444,0.06395071274627599,0.027697778638359705,0.24147462964686062,0.41106273632697754,0.3161326539947867,0.0781985590687635,0.033868682394809335,0.30189209365191993,0.5139115039684325,0.3952297138866941,0.09776400424490417,0.042342698495298606,3,23,1.3001079177160104,0.44720254050483565
0.1873696632942233,0.007732357197532552,0.17084881657915935,0.27422997679447386,0.16784428269989513,0.4464697616518773,0.018424880603902818,0.40710341832030333,0.6534429865787315,0.3999441295572998,0.5525592095713747,0.022802971975687182,0.503838697179831,0.8087130891642191,0.49497822939508773,3,24,2.6381300446367772,0.6005943333606173
0.29433496880889015,0.4877817804195859,0.3474763012878098,0.41372113041923303,0.7138781147575941,0.009543901547458902,0.015816473685773394,0.011267025535519237,0.013415034417430397,0.023147716602289963,0.008587697364437048,0.014231820048706241,0.010138181436101004,0.012070981153517124,0.020828545209705,4,1,0.6536148588068567,0.5156794276964978
0.1249467592329245,0.311051089003528,0.29298071965057965,0.0633600120367016,0.02244602577670956,0.18866642475862744,0.46967922369377696,0.44239342612032323,0.09567200475639176,0.033892927350258784,0.2974563361968721,0.7405083402967986,0.697488850279999,0.15083894258267946,0.05343646070302564,4,2,1.32144706317658,0.9193919732144173
0.06886114240483965,0.012450889221033748,0.06453243843755549,0.46669537046632353,0.048642874359740275,0.044937183557434215,0.00812516137315128,0.0421123717993015,0.30455456874000403,0.03174321101171904,0.027575548551434386,0.004985977406599296,0.025842112505414887,0.18688886645771485,0.019479112555269903,4,3,0.6545220873446856,0.49696348290583026
0.3180584159191576,0.8424458721460082,0.023205017288287742,0.8121264785957021,0.28104430141299064,0.13594144950013545,0.36007006025598476,0.009918063877446143,0.3471112385399095,0.12012123495435444,0.1439814605919836,0.38136575254811134,0.010504649822185875,0.3676405047661258,0.12722558807807588,4,4,1.2620530835873982,0.9921580148233127
0.019334580625910296,0.11400279736313423,0.10291003190129112,0.14357532384204444,0.12027513303454063,0.09391853332008179,0.5537733520003855,0.4998897802386156,0.6974231351121288,0.584241484624906,0.08196884063367643,0.48331418765448914,0.4362864738436157,0.6086867394044106,0.5099057177734017,4,5,1.8835862309426141,0.8514249577450957
0.17738417388421596,0.062264663379610875,0.039173259373663706,0.16571292807328383,0.17812459297255434,0.06619159917749394,0.023234302988241497,0.014617655150171664,0.06183642809484999,0.06646788946002302,0.5467682123572306,0.19192432979571408,0.12074748570255688,0.5107928146185882,0.5490504769610063,4,6,0.9782424724571211,0.2085105143573358
0.6482967232425689,0.2700628967491589,0.24349000906677806,0.5081709897188558,0.22305973896231246,0.27066496659239814,0.11275171122391636,0.10165748615851518,0.21216223840763732,0.09312781420885485,0.9418352477501087,0.3923431141154879,0.3537384422785046,0.7382627936285231,0.3240576683125357,4,7,2.3812051165995887,0.9305952146439163
0.1405982393653034,0.12967002057124644,0.06480293336186807,0.11342500049985701,0.11397965581753337,0.4023987831837614,0.3711217062804809,0.18546904747364307,0.32462769370228306,0.32621514334551416,0.8782774302521411,0.8100119387139443,0.40480559388788206,0.7085338935613013,0.7119986684353222,4,8,2.183247538661249,0.11636639788547609
0.04328390477754735,0.3788261099044874,0.2120682226580969,0.34688677480296404,0.13433356032385457,0.06584726607525072,0.5763034500545453,0.3226167499267955,0.5277145367505046,0.20435997479758386,0.041001472545416785,0.35884997956083237,0.20088551284267928,0.328594858678964,0.12724992843999858,4,9,1.2967480751194354,0.8174497084911916
0.2455660833100199,0.1067250170885306,0.0029718487936543784,0.24826950186664717,0.025032194546647252,0.8811748400690832,0.3829657524228585,0.010664006812992332,0.8908756276622477,0.08982404951408875,0.3665681108685314,0.15931348242079527,0.004436219299476685,0.370603631653129,0.03736674113205449,4,10,2.148138522692727,0.3806232934765801
0.28549806909347764,0.8494496481859567,0.8499370930885628,0.5127103591304747,0.5649251482558618,0.07342764168775297,0.21847112520527795,0.21859649183127558,0.13186468356640701,0.14529387711182878,0.06804723822987807,0.20246267429385023,0.20257885469225675,0.12220231142528172,0.13464748209147884,4,11,1.4553666152309224,0.8779743204450695
0.01396194005046097,0.009128848468679078,0.010232669196747209,0.020938245352866126,0.02342449095970796,0.2922370696616433,0.19107573275849113,0.21417978089482168,0.4382579672784152,0.4902975210923283,0.16526398857396377,0.10805589363431019,0.12112154321680733,0.24784076770481983,0.2772698344445535,4,12,1.315004873409545,0.8680566901074503
0.6842078768446079,0.6825129559475253,0.0788347476058596,0.4273562692579034,0.049751389070926334,0.3745830454205008,0.3736551276737715,0.043159631513371315,0.23396458625471983,0.027237375456757973,0.7664016278103867,0.7645030964159154,0.08830514955745487,0.47869448964063355,0.055728013167035656,4,13,1.9848197740241968,0.8059254001176211
0.1019516292868708,0.08191517396595341,0.16469177629805126,0.06510368867169163,0.021718918594557334,0.4773335186471492,0.3835236228519719,0.7710804194349609,0.3048129098861695,0.10168712267245854,0.4267624005307764,0.3428911977781244,0.6893882745401607,0.27251949434531886,0.09091387652339784,4,14,1.947831961164251,0.7900304363070614
0.110235411296928,0.5870651809196911,0.4765978097640453,0.07795768001192449,0.06483977411729346,0.1207969747584583,0.6433114097076166,0.5222602512084815,0.08542674077082926,0.07105201917642873,0.10882010054750153,0.579527860095155,0.4704787778179926,0.07695678255780214,0.06400729725510437,4,15,1.233623732699668,0.3046791390980408
0.438961114956024,0.045565673248253995,0.514665470664821,0.4422632346396282,0.05094225957789393,0.09199860791748166,0.009549771870071368,0.1078649229536026,0.09269067471729132,0.010676610764957512,0.0227998477876663,0.002366702605324864,0.02673196780516907,0.022971361444793705,0.002645965040552911,4,16,0.8793672830963608,0.08091928305125218
0.07812262642895156,0.9085449324325838,0.3446464567722879,0.3413050234363318,0.7484647322145929,0.052315203073854046,0.6084116064013583,0.2307942039189385,0.22855659656343993,0.5012131087916587,0.06757640295003016,0.7858952170292027,0.2981206457430779,0.2952302917462548,0.6474251654098995,4,17,1.6351817318702566,0.40298017876516146
0.4561213624487934,0.47478155084586476,0.36276843534414316,0.18117740040398403,0.04020746145772624,0.11112001511010504,0.11566599911205531,0.08837743051650175,0.04413833055837289,0.009795317852982804,0.11858206357253726,0.12343332428722359,0.09431224494976041,0.04710235428849097,0.01045310336940358,4,18,0.9343852544909598,0.17352451498650867
0.5327849486369025,0.38282256986000546,0.2908318836182546,0.6213651043487104,0.07623313389635511,0.3344108991265132,0.24028464039822864,0.18254523132506828,0.3900096347742426,0.04784893213431562,0.15583717292235882,0.11197385956657888,0.08506700246451764,0.18174646536477368,0.022297844749206527,4,19,1.5652755482835239,0.6949510889024617
0.24217181485731798,0.005581389853302664,0.2303910158766533,0.027678383288870997,0.058410239692564814,0.03163093432304314,0.0007290054624446364,0.030092201671392798,0.003615173485379022,0.007629172109055181,0.2866937225623782,0.006607496562132954,0.2727470908434238,0.03276689628093176,0.06914862930307747,4,20,0.6708905093800488,0.34609972653778553
0.03161378523105287,0.17463328936053824,0.20068115193497763,0.15692235016458375,0.25881806946816105,0.093734127680812,0.5177835846800849,0.5950148829419106,0.46527106763071774,0.767389472419147,0.03647567617467762,0.20149018111810663,0.23154395017371784,0.1810554727103806,0.29862175696704607,4,21,1.7218054773813058,0.9756102008599149
0.17064864109716177,0.13006189851170108,0.39540382462672863,0.10178533094489557,0.4384783080031062,0.004356198529728016,0.0033201287008650547,0.010093590833267043,0.002598304364800525,0.011193165959951663,0.02715820681223505,0.02069895145641129,0.06292730357839349,0.01619882262454909,0.06978247523604403,4,22,0.5523465671952277,0.640972077345332
0.004770552997261053,0.380671189978024,0.016939987335680997,0.34976792996268263,0.20711928502503377,0.005833404419229226,0.46548251390687523,0.020714117848053153,0.42769418755444133,0.2532642553738124,0.007292934565485805,0.5819472252104247,0.025896834025365568,0.5347041795338596,0.31663150871712614,4,23,0.8994596927018867,0.822480563634361
0.2896106730037127,0.02152369637061446,0.16153856881768505,0.28270927708813265,0.15256806614794285,0.6900925468642491,0.051287275749466996,0.38491869521249644,0.6736477044318016,0.3635435263700983,0.8540712607626224,0.0634740781645396,0.4763824747927755,0.8337188205382737,0.4499281716921334,4,24,2.943957769107895,0.13252467274184843
0.4772498228658186,0.5275606244729034,0.3446617604517926,0.47585419543562346,0.44306403758587776,0.015474971735115143,0.017106314892385458,0.011175763186539928,0.015429718088072737,0.014366487172935353,0.013924533203066176,0.015392431971983462,0.010056062668435109,0.013883813522178363,0.012927107788961282,5,1,0.7881022294958518,0.8620144822726226
0.29162394126335356,0.014706913101852584,0.09092255935689576,0.3075628686442559,0.28809845820583924,0.4403447253050381,0.022207064282393857,0.1372907493486184,0.46441209977640285,0.4350213356621872,0.694258815899171,0.035012228527573415,0.2164561253927916,0.7322040573022942,0.685865822915196,5,2,2.3910413240622437,0.9227571905133943
0.31134815249801095,0.42373373696077143,0.18953327988865099,0.1285423186811,0.31684297623530083,0.20317857924599037,0.2765188036721488,0.1236850201892711,0.08388373424755771,0.20676437370531942,0.1246798382334838,0.1696848153890236,0.0758988883883921,0.0514749657922536,0.12688024870385325,5,3,1.0550521739236578,0.4870619188189359
0.35233616375009147,0.581977808793294,0.07751111102865164,0.9715929355503954,0.9833748956393882,0.15059211268812564,0.24874332180658934,0.033129048810577835,0.41526884802313724,0.4203045793614255,0.15949861074894095,0.2634547955601934,0.0350884064669721,0.43982917275471733,0.44516273331260187,5,4,1.7412687802160471,0.6062529377509774
0.11423588745763605,0.08771813598819393,0.05064609134111768,0.13315625079120066,0.11203833094231792,0.5549055968745109,0.42609451102044715,0.24601550502617744,0.6468120523882197,0.5442308742725588,0.48430237173663593,0.37188052063895777,0.2147138058063384,0.5645151406002066,0.47498584383914355,5,5,2.271747159844591,0.7648098009029954
0.03590087873206499,0.20110504179946131,0.18159122862448257,0.20968695908425627,0.16021681486014777,0.013396553498080215,0.07504313393849839,0.06776147812998307,0.07824550998282544,0.059785531924848416,0.11066071372972448,0.6198853132889433,0.5597360197396752,0.6463381781057773,0.49385161896028285,5,6,1.0296547100865165,0.17483862726041255
0.4014871247504343,0.27374475754720184,0.6104812522346369,0.5668485279619552,0.029596126679380098,0.16762154629492784,0.11428889426706941,0.2548769441790748,0.23666020879511102,0.012356432404705384,0.5832741583460386,0.39769206337372554,0.8868975282944196,0.8235085951068041,0.0429967857373974,5,7,2.0859774274090186,0.5025660764634424
0.00398293958019565,0.05686776253333776,0.12244047732389034,0.14913585069992294,0.022721658458336215,0.011399360673364804,0.16275821481904962,0.350430412997982,0.42683382894148664,0.06503045668869058,0.024880296902260065,0.35523682634602316,0.7648510270706114,0.9316094732230267,0.14193577310740527,5,8,1.2882087657894872,0.3986630277723131
0.2493728910581494,0.15987029729543098,0.40709956784273904,0.3534603161404664,0.35186945793055735,0.37936787805656313,0.24320869518690835,0.6193155100176104,0.5377147834410876,0.5352946306296846,0.23622304408163647,0.151440070831744,0.3856325310745433,0.3348217662572187,0.333314796644554,5,9,2.4495872622835235,0.1463739921622491
0.12852278965261532,0.11374981377169746,0.07497237555303599,0.015459018221640749,0.2371200213802022,0.4611835929899148,0.4081731182380823,0.2690264475739599,0.055472228597146435,0.8508674899256808,0.19185204883133183,0.16979972878948885,0.11191481210826112,0.023076407902124285,0.353960274622745,5,10,1.6702126037236062,0.36753442229153144
0.7268141449331671,0.8938467755890864,0.89109220238507,0.4966110456774526,0.6875510355521703,0.18693033118297323,0.22988968356286582,0.22918123108586858,0.127724078961266,0.17683219799303937,0.17323302895235673,0.2130445388742858,0.21238799818512977,0.11836510922859513,0.16387483551105655,5,11,2.020993525396747,0.06817230938549357
0.029414414540605387,0.026452992283959333,0.007700956300999265,0.014027278451874953,0.004021259936641658,0.6156724839164128,0.5536870177716531,0.16118855222574105,0.29360466634925186,0.08416890603918072,0.3481710601090817,0.3131174463407805,0.0911542915624335,0.16603738287201228,0.0475986470232798,5,12,1.4089930152765553,0.025811906949486985
0.8246418761790572,0.5239520461311444,0.19762929520339756,0.5805900279891327,0.5342842440986412,0.45146639758808427,0.2868478422072897,0.10819604065798945,0.3178554181923505,0.2925044069904973,0.9237059344871841,0.5868942972439509,0.22137046162843657,0.6503361881675711,0.5984677000198255,5,13,2.8854205009484075,0.13516628915482276
0.0664483229686743,0.021067830854840902,0.12459396344474719,0.09653035453448157,0.14328476791375963,0.3111084347812781,0.09863875548185312,0.5833440366698907,0.45195132347075334,0.6708536480997934,0.2781480396116399,0.08818846871283993,0.521541630116661,0.40406932300519277,0.599780032375077,5,14,2.1257105961256366,0.9631151115891738
0.4010054057937663,0.6569653341971048,0.4254770382196938,0.4324393357469527,0.6758314124752252,0.43942540161797206,0.7199086387805889,0.46624164087969655,0.4738709903670025,0.7405822603940161,0.3958569035591322,0.6485305663802079,0.42001434507289326,0.42688725376932996,0.6671544233696117,5,15,3.0431736395217603,0.549529535895017
0.25266917025229263,0.08392305946386786,0.01802429681835205,0.47288229512379804,0.3884504467596056,0.0529550594229852,0.01758881226558157,0.0037775788321159276,0.09910789675429796,0.08141245119260218,0.01312375612806921,0.004359003375146671,0.0009361904960062684,0.024561729918571522,0.02017629980746074,5,16,0.4852897182462285,0.96582216115322
0.6483503391447379,0.1961075897873528,0.12557737979752642,0.013393424077467783,0.32283779899801035,0.43417101044607453,0.13132441717611507,0.08409351331223873,0.008968972658698372,0.21618992840514578,0.56082579111289,0.16963389628332062,0.10862496573030936,0.011585368589248869,0.27925606434175765,5,17,1.6585380839941697,0.432497878330132
0.2840585517730871,0.18887427496321785,0.2106539531806355,0.4353726207131471,0.16769279140816093,0.06920217548180195,0.04601343856193338,0.051319390819068396,0.10606521898566454,0.040853218132756254,0.07384931296319332,0.04910338152254291,0.054765644682289505,0.11318782244702368,0.043596636528181035,5,18,0.7206846298955093,0.3118161330852596
0.352373351768518,0.5372453027677305,0.2718559664606571,0.4264810473230451,0.5912066236828034,0.22117270710183007,0.3372105109382376,0.17063469681267698,0.2676875742466089,0.3710801874210878,0.10306760184061674,0.1571418062078132,0.07951663304996381,0.12474376554710863,0.17292524701272985,5,19,1.4614533047484786,0.5061418628402441
0.46677916060862507,0.07230052119499576,0.45550542360748925,0.24192168604051167,0.12695153301434606,0.060967709975975615,0.00944343188239353,0.059495206518592324,0.03159826409599231,0.01658159767829431,0.5525938484966723,0.0855925598807028,0.5392474992117683,0.286397608988416,0.15029084869487114,5,20,1.504177751246329,0.4395116886329101
0.12350449016841304,0.26362229888333666,0.13251101818947092,0.08843201486475731,0.1703806521747554,0.3661879008157629,0.7816338993398325,0.3928920440025589,0.2621988386339324,0.5051746157116744,0.14249827271796323,0.30416482987451543,0.1528899166528242,0.10203199376811035,0.19658352992960418,5,21,1.6696280569836262,0.10566468426174391
0.10931912438155045,0.03453451553146759,0.05866864622178682,0.058289045899661475,0.06914916678659379,0.002790621746767514,0.0008815728318480617,0.0014976519518076113,0.0014879617816750217,0.001765191312107596,0.017397802697978665,0.00549606201921018,0.009336934752254757,0.009276522527533896,0.011004877392576455,5,22,0.1994172792019176,0.6408263146902062
0.05448877071905183,0.25153920779904027,0.07138676116536835,0.13567218136522022,0.35198367234830646,0.06662855146843082,0.30758067822048873,0.08729131576477764,0.16589915315828868,0.43040358443811344,0.08329915622695228,0.3845380156526437,0.1091317879331601,0.20740747280689506,0.538091473258844,5,23,1.0110834232456587,0.2160381825095996
0.13823687420836048,0.19470161145439355,0.05025925799752236,0.05608351108321863,0.011919846008562203,0.32939475470152085,0.4639405362157128,0.11975918910479158,0.13363738497307223,0.028402948016259377,0.4076650221986292,0.5741813623189101,0.14821618070128084,0.16539209181087394,0.03515201219292952,5,24,1.0884356513425173,0.6195879548978296
0.1280972408295705,0.21124480082932287,0.13422053552063004,0.067259866733627,0.09147374116442318,0.004153592282717674,0.006849677392007957,0.0043521419892443725,0.0021809217871687474,0.00296606408468522,0.0037374435729314336,0.006163407721054352,0.003916100570069366,0.0019624150763268384,0.0026688939105396128,6,1,0.16418462871129277,0.6502010923981534
0.14911271810252602,0.06677169983123825,0.11788144956334064,0.1629109733450042,0.22341882179245887,0.22515640728224254,0.10082356644986436,0.17799798707079587,0.24599142133532703,0.33735673170033553,0.3549873808607484,0.15896102720368693,0.28063620303525144,0.38783639971913675,0.5318852971922032,6,2,1.5345421963000265,0.1520248531286481
0.026861803397931296,0.5462334295857109,0.42904143310856113,0.05586556852648772,0.596912234954433,0.017529389548607208,0.3564592603792581,0.2799824830090102,0.036456573616745015,0.3895310727220881,0.01075684976911856,0.218740002444378,0.17181029033335665,0.022371451350586033,0.23903440664926195,6,3,1.0100847930863852,0.06134962711066816
0.9182244320893158,0.060902330190933766,0.27608148651362313,0.8038830481401633,0.7461080697619691,0.3924585988518146,0.02603028446886231,0.1180000766474088,0.34358791128651484,0.31889428925839347,0.41566985266338025,0.027569798551014327,0.12497897770056518,0.36390879669656606,0.3377547150681238,6,4,2.5222889592037143,0.7807615860684398
0.030192034277272413,0.034254536248242824,0.06061806110363877,0.07927950229214945,0.10116120818776943,0.14665906812951923,0.1663928412123538,0.29445476484405575,0.3851034952186444,0.4913947959724852,0.12799895141060097,0.14522190457805775,0.2569899128542743,0.33610498280959894,0.42887234601516144,6,5,1.454115482342489,0.4598004237693202
0.08144492136031097,0.10211361018207427,0.1650188695826409,0.008098536498008834,0.05573040645640732,0.030391491369703972,0.03810409354867571,0.06157743745091373,0.003022000610665558,0.020796019427128717,0.2510454742530724,0.31475455151393267,0.5086534517211524,0.02496289396491697,0.1717831644439793,6,6,0.6203016225062516,0.05816379550547579
0.46689530366424337,0.5859229143674239,0.3348986239593899,0.3482742433763687,0.07014528327894842,0.1949295704231813,0.24462379703196685,0.13982073580818055,0.14540507929296878,0.02928577312615393,0.6782981283640406,0.8512195626341753,0.4865354353332804,0.5059673241208593,0.10190596047608083,6,7,1.8385839623129783,0.9948663171697671
0.06758516888905385,0.08045604139680179,0.03662708309811537,0.04067131484349152,0.0569917502809056,0.19343193659461788,0.23026897992468692,0.10482843694762033,0.11640321868456793,0.1631130735923616,0.42218543221447746,0.5025861319831079,0.22879902740078656,0.25406219912119743,0.35601134273263096,6,8,1.0191271563341984,0.05778056099636664
0.008424429990738638,0.13518542400803168,0.08875050464603562,0.13745958493004548,0.050267438257846894,0.012815980581776017,0.20565590442685683,0.13501503904915085,0.2091155571568817,0.07647122871415851,0.00798019579682729,0.1280568719364029,0.08407054304222387,0.1302111125735872,0.047616752699415996,6,9,0.5393372874823864,0.6950352288585532
0.24419611848510117,0.16277207476396696,0.1862201798596573,0.21640275088246183,0.1366804284384475,0.8762589391465034,0.5840817062948164,0.6682215027158595,0.7765268592023932,0.4904559825461386,0.36452309955810225,0.24297757713165483,0.2779796729932509,0.3230346247677465,0.20402934220411065,6,10,2.8957844708794065,0.9836789252634136
0.07771536036252648,0.4802265313308173,0.524694176308641,0.6664968402592021,0.38594645654445286,0.01998772059108319,0.12351012314540835,0.13494681801517566,0.1714172405017161,0.09926210083237103,0.0185231222666454,0.11445993062417766,0.12505860276558842,0.15885665851466538,0.0919886798388776,6,11,0.972368091885241,0.23918010421592562
0.003972095721668139,0.008835102571764775,0.011304234309973826,0.020110040928152998,0.01777065904624278,0.08313985090327919,0.18492734365002098,0.23660868744428468,0.42092283811411396,0.37195728579701953,0.04701670252041946,0.1045788970009024,0.13380539116261592,0.23803751929607325,0.21034684169648107,6,12,0.9677334311784485,0.14224936868719618
0.3077951427706873,0.852702593886814,0.5236064626562412,0.20504893451999626,0.08797651989852295,0.16850849843528884,0.4668287888311242,0.2866586457439675,0.11225806798212741,0.04816447437153722,0.34477050971624484,0.9551375804190195,0.5865071988975659,0.2296814206840843,0.098545121067985,6,13,1.5910272998810047,0.1213849394224289
0.02835927062710837,0.04563143439970407,0.029810494637864764,0.03461294335031511,0.0528924281963943,0.13277698972926213,0.21364458121251712,0.13957156347217323,0.16205643946749584,0.24764026859968874,0.11870992641100706,0.19100999778321506,0.12478464877562606,0.14488736371296523,0.22140401075377236,6,14,0.8351596215125008,0.30327514756759555
0.13365749189720372,0.6913360553660103,0.061853947208174914,0.4043572879843157,0.3163838788989357,0.14646310550333383,0.757572390279523,0.06778012266395143,0.4430984248652342,0.34669635631325413,0.13194146541535065,0.6824600023888951,0.06105980533172847,0.39916575098581325,0.31232183114601564,6,15,1.405541589552768,0.10104581101064669
0.6151854534443325,0.07016103735090842,0.24914526119728378,0.6071020865378491,0.5419981507516103,0.12893216141396313,0.014704532010715018,0.05221650943201139,0.12723802843191706,0.11359337687119027,0.03195302322193714,0.003644197441920884,0.012940722626161347,0.031533169324176415,0.02815164012778517,6,16,1.1218390425973743,0.6921613416941319
0.7523990580439506,0.23748926322991415,0.1573614670665572,0.6157186700239633,0.8558138793997125,0.5038477495369843,0.15903585941304965,0.1053778845117742,0.4123190518685594,0.5730999960035478,0.6508283739262336,0.2054292191894737,0.13611833592113762,0.5325992590281939,0.7402826326779914,6,17,2.9238178332075355,0.06229179813006269
0.2680937774789978,0.2752442863879592,0.13481619155365254,0.37052804666287104,0.0900657456411408,0.0653128466609275,0.06705484938963753,0.03284384042462056,0.09026782241210693,0.02194176340002055,0.06969880383093263,0.07155778736431988,0.03504940464001474,0.09632958243589684,0.023415219839708214,6,18,0.6297136481014777,0.5094221281497897
0.22190324867552944,0.2916644542377344,0.34800005506321535,0.16618769783024256,0.07872814073679511,0.13928108348130283,0.18306780744167755,0.21842773826006956,0.10431033683921039,0.04941496263681573,0.06490569041853464,0.08531052558192155,0.10178843245595477,0.04860914534203572,0.023027622895963256,6,19,0.8774090152890796,0.9966968538529768
0.3001774829953313,0.1418892059958737,0.285733540009048,0.07588386904899896,0.23652585029044776,0.03920726388195049,0.018532661030964723,0.037320688384987366,0.009911465871788096,0.03089349452431958,0.3553634021367866,0.16797472770456018,0.3382640225675494,0.08983468581144069,0.2800097795936847,6,20,0.9231731002178809,0.8139702695060188
0.1432630446282079,0.013940189599732257,0.0905443307388014,0.0361566615558585,0.017047449063443586,0.4247715488347132,0.04133233341993301,0.2684618053869732,0.10720364885188649,0.050545284453169,0.16529549958870476,0.016084054406556372,0.10446916316232077,0.04171720244285936,0.019669179982651844,6,21,0.9937006278447197,0.6152194382310109
0.4506498445736054,0.14674196536648523,0.368671165979488,0.11591755682384805,0.3102337708104304,0.011503872387919938,0.0037459257200584536,0.009411178318604671,0.002959061890907194,0.007919429581082393,0.0717195378770298,0.023353532837028384,0.05867288310651128,0.018447922943603406,0.04937275124864343,6,22,0.6839956285370191,0.30625362078661167
0.298384536407546,0.23378436763477164,0.18509061536076102,0.16164490506744159,0.13692854665289547,0.3648628731949488,0.28587016307970375,0.22632772641310553,0.19765844842467498,0.167435429314428,0.45615233718657494,0.35739548362061047,0.2829554031338781,0.24711301104459918,0.20932812851255939,6,23,1.5951763817918483,0.6238958362916385
0.2711088671967728,0.24226059840136338,0.2814622372888675,0.036252848728200546,0.21316669251265263,0.646005917878945,0.5772654426776278,0.6706762225378834,0.08638431881827625,0.5079396564255727,0.7995088358076698,0.714434356178259,0.8300412597545732,0.10691082582834903,0.62863548479978,6,24,2.7119977799712536,0.5270414639116516
0.7115090336586192,0.13742236395878948,0.05042167221088347,0.5619645120996725,0.4356018187750951,0.023070898421772505,0.004455962257387533,0.0016349381705690873,0.018221871489987416,0.014124522441582119,0.020759423448223055,0.004009519078074151,0.0014711335975748805,0.016396220873772523,0.012709385521459253,7,1,0.865532329822315,0.4260833838903715
0.27242439493313464,0.04523176943108576,0.25735662907344564,0.0652486612271853,0.052960735535895434,0.4113538992496192,0.06829882004511263,0.388601956491759,0.0985238169408725,0.07996936205058154,0.6485511341386335,0.10768167575751804,0.612679836196923,0.15533518299748836,0.12608175235206714,7,2,1.7106702020088815,0.13071037674019947
0.11224206026082591,0.5565951402346409,0.4545261854332106,0.357408186407457,0.2451872107870632,0.07324656386256582,0.3632210722972559,0.2966132409827268,0.23323628851665376,0.16000348400114858,0.04494750267195537,0.22288936513423374,0.1820156979189308,0.14312464842677763,0.09818558913095023,7,3,1.071312436863074,0.8866042152404667
0.8746781507963445,0.39131663157813457,0.8142513079121634,0.4378721762098812,0.3758605257775446,0.3738464688058302,0.16725276693751503,0.3480194125191623,0.1871510871917306,0.1606466678029029,0.395956941858011,0.17714462925224322,0.36860239105235615,0.198219799658795,0.1701478243357564,7,4,2.4567700049659154,0.4497846488213225
0.07570543451940351,0.04931259939335896,0.12232670354317354,0.08225703121789799,0.03799552850913842,0.3677423116637739,0.23953801216761475,0.5942070740991006,0.39956696639679185,0.18456486744364678,0.3209527435473947,0.20906047455147547,0.518603338855781,0.3487281991450892,0.1610818192241625,7,5,1.748050038198609,0.19462251182076507
0.19859873021644084,0.08475151629556818,0.11999995467835813,0.2001214969414533,0.13781278064596383,0.07410789395578446,0.031625360219468095,0.0447784530460533,0.07467612032285956,0.05142537881653281,0.6121598692775017,0.26123770821707953,0.3698873426287827,0.6168536388615661,0.42479352054798925,7,6,1.2951626536717704,0.3677593508772896
0.07651107857111694,0.6151306644466736,0.410841960029821,0.2191994805187794,0.0911551333943641,0.031943503310984986,0.2568180815563408,0.17152720567526253,0.09151614985023991,0.038057420700057444,0.11115408740804854,0.893652120976477,0.596864715396758,0.31844954577050016,0.1324287391347064,7,7,0.9480206153764119,0.41412975252892703
0.1199437711121012,0.09366688326133396,0.08058350790108004,0.13502952907426094,0.11912383219187489,0.3432847222259877,0.26807903156629176,0.23063379506355214,0.3864608720467933,0.3409380184175082,0.7492548096095422,0.5851105241563432,0.5033823791788488,0.8434912722866212,0.7441328831112379,7,8,2.136012018432682,0.8275378955668743
0.06366209031531994,0.13083826714248825,0.10429767993960579,0.3122545813186657,0.014074478861648984,0.09684834631819114,0.19904262874696074,0.1586667634842652,0.4750290114761516,0.02141132966714763,0.06030508249342243,0.12393894787688835,0.09879788994482512,0.29578887831208633,0.013332308200998894,7,9,0.9351214726004303,0.733614380561402
0.15627241525340785,0.20907776279288445,0.24042246649698365,0.09380401594391946,0.22520123798095937,0.5607587117162457,0.7502423042616665,0.8627177890728274,0.33660079451146363,0.8080988310209952,0.23327522786599336,0.31210026848393924,0.3588899906950467,0.14002569268913823,0.3361685427368889,7,10,2.522597774402443,0.7693048936413398
0.09891574791329025,0.7568123199922111,0.11398751146914354,0.35521425012186525,0.7128611516405631,0.02544027747058099,0.19464560315141785,0.02931660510213278,0.0913580423263467,0.18334174161662664,0.023576143559620306,0.18038296510143798,0.027168433652810898,0.08466379046779433,0.1699073929450223,7,11,0.6019809397505889,0.011031264428647214
0.004667541608909433,0.007137531940562933,0.022486671327900935,0.022417677208701973,0.01996154354345911,0.0976962139488953,0.1493955289442478,0.4706680383642888,0.46922392392562773,0.4178146425196251,0.055248521361316194,0.08448517847865625,0.26616909827499247,0.2653524321608451,0.2362797929343629,7,12,1.2620944524473217,0.4161539981797615
0.5998200629385212,0.4691083499971195,0.21764459386808135,0.29880518392162236,0.15696548466935434,0.32838327865502764,0.2568225831957433,0.11915380917038101,0.16358676882963485,0.08593383862300247,0.6718763232446905,0.5254622392178183,0.24379019398882354,0.33470058896694516,0.17582171593145918,7,13,1.837444712089843,0.4813441516353236
0.1685407588822113,0.10823406358095392,0.07436816581540104,0.08571386497891265,0.17574523009845688,0.7891012045166691,0.5067476289290571,0.3481888275087277,0.4013089447752444,0.8228322554051858,0.7054998468485869,0.45306023175989485,0.31129994869575356,0.3587922530815528,0.7356572602445864,7,14,2.8530638302253304,0.019192276823056686
0.11822194656900217,0.45193738348376206,0.390000633510155,0.47138342709669717,0.01396153631800523,0.1295486933606564,0.49523712990957075,0.4273662712158068,0.5165462828562253,0.015299179549959876,0.116704096816108,0.4461349663712669,0.3849934213775375,0.4653313425294757,0.013782284368047373,7,15,1.5354928191717614,0.2598132087450342
0.5461417147614538,0.5837114106554102,0.35389788399182015,0.436256902992978,0.5776878591856278,0.11446179575326088,0.1223357499700789,0.07417083555442401,0.09143185216705725,0.12107331844469241,0.028366858800929713,0.030318246563139434,0.01838162336588523,0.022659389740148323,0.03000538045274154,7,16,1.1586525878771405,0.760289823122135
0.6512591742995987,0.14046524937546226,0.5306738961808413,0.5586922446990474,0.3905598158614247,0.43611892629057447,0.09406324878977161,0.3553683985515057,0.3741310241764523,0.2615403118565081,0.5633419458496851,0.12150303601102444,0.45903516922837634,0.4832711594402852,0.3378358959391096,7,17,2.645948801168735,0.13710970572899905
0.35461436009587904,0.44991860212733764,0.445681926820845,0.21708923427295762,0.05452665011392641,0.08639093955293115,0.10960890232875202,0.10857676600971057,0.052887150172363076,0.013283750079219605,0.09219235504968265,0.11696947495179127,0.11586802752597132,0.05643868386532614,0.014175794476043668,7,18,0.85313535474775,0.5353101314525917
0.6751729394415374,0.5751194075901412,0.08546440684585133,0.6312972297490456,0.5963707493165602,0.42378297345334714,0.3609827918175645,0.05364308659573817,0.3962436903605744,0.3743215325469311,0.19748501226515408,0.1682198095140064,0.02499795007801629,0.18465156684607212,0.17443573026012543,7,19,2.112171942027128,0.2152018720172375
0.25505795952509913,0.2906677798343741,0.19614755335764444,0.026920523015534766,0.16478113607589656,0.03331404016219279,0.03796516724781865,0.025619539505605554,0.0035161866212550298,0.02152265859660017,0.3019489114722031,0.3441053942580235,0.23220816293893543,0.031869707716387544,0.19507520863850444,7,20,0.705554139318114,0.012120774643893273
0.21596228240083779,0.0012459836374298131,0.08970907756948603,0.10710475242850309,0.14455587276272386,0.640323074407295,0.003694312101681822,0.26598529943723614,0.3175630651622769,0.42860475376554924,0.24917516903542558,0.0014376037334876011,0.10350545622545276,0.12357641572492538,0.16678715204472877,7,21,1.7578805571258476,0.24120145759954148
0.418736810837149,0.15766367518915755,0.15794008829160905,0.3357254281125341,0.2058587184693232,0.010689218900214993,0.0040247274495404505,0.004031783528878411,0.00857016268593336,0.005255016629269098,0.06664067662945006,0.025091689391925718,0.02513567968773894,0.05342967017015407,0.03276178242233032,7,22,0.6322968759338788,0.9758737549100538
0.08815594574180727,0.17757959474584048,0.05528547287371653,0.0692307556376855,0.19560613952099687,0.1077965769936608,0.21714329415270406,0.06760275422280726,0.08465496476306181,0.23918604810915414,0.13476750897068715,0.27147300646077127,0.08451710657473945,0.10583581632457634,0.29903090416413924,7,23,0.7173641205433126,0.8015371118829896
0.12218487688945044,0.26682631462715817,0.1056967391248763,0.16933589541067437,0.18440783264041158,0.29114559904308035,0.6358013298394445,0.2518571955288297,0.4034983867393324,0.43941222734877056,0.36032716187141683,0.7868794494854121,0.31170310923494127,0.49937704362127633,0.5438246749824719,7,24,1.918803716329264,0.9595766443210334
0.00992904450162371,0.5031359683237357,0.1349981212289713,0.7287442504369094,0.11272547506160163,0.00032195231021076216,0.016314337933067562,0.004377355444088532,0.02362975560665534,0.003655158067803341,0.00028969588507621677,0.014679803241227118,0.0039387878870577936,0.02126228869152524,0.0032889475178872847,8,1,0.2623505858573849,0.48785404392636245
0.13417660354398867,0.027620024791270546,0.322598695104402,0.16251543734909954,0.1926726759332928,0.20260325463671175,0.04170553410992779,0.48711581485426797,0.24539417205356245,0.29093083438240336,0.3194295005213553,0.06575401739522024,0.767999318243712,0.3868947611452506,0.45868903379498316,8,2,1.8545385835420372,0.1097361986775035
0.04583304687856329,0.512444522061398,0.14342752128606012,0.6136363439164799,0.14017096790007616,0.029909582801718577,0.33440940342657266,0.09359747204493819,0.4004448381348619,0.09147232087608016,0.018353912893712954,0.20520918335835697,0.05743576767262099,0.24573160135961275,0.05613167594731109,8,3,0.7956431925513844,0.547959488973693
0.1901393981529718,0.036444569283961975,0.4707095166837857,0.5632169326730015,0.06551969424603912,0.08126754111285087,0.015576785039793347,0.20118610540953705,0.2407247297303046,0.02800379351972921,0.08607396280658082,0.01649804581018956,0.2130848936376028,0.2549619583624141,0.029660027224315565,8,4,1.0651893350122397,0.4543773345599609
0.12689479208330576,0.07416885124499135,0.0858027396631072,0.07211928489296958,0.06557438341289037,0.6163967550684696,0.3602782941994611,0.4167903933331078,0.35032243999975243,0.3185303075699583,0.537969723304008,0.31443840780990917,0.36376020920531,0.3057492833376731,0.27800221207899833,8,5,2.1689799530148925,0.844357082739616
0.12355157924388885,0.03427232898335534,0.040164202924824075,0.19025607785807563,0.2088735442287012,0.046103755661967616,0.012788853781432666,0.014987429617135914,0.0709948005557919,0.07794198104388489,0.3808348548681035,0.10564087900975667,0.12380196582978933,0.5864445136377218,0.6438309116640317,8,6,0.9214371299801654,0.09808258078424459
0.24433513390072148,0.17720542477933643,0.42150492304186465,0.26752109864360835,0.016615654469425086,0.10201032719063022,0.07398356132049229,0.1759790105725563,0.11169050626227098,0.006937063539954151,0.354966226299031,0.25744124436560256,0.6123556997718878,0.38865042994380467,0.024138960575751385,8,7,1.325468868801705,0.4882411370217782
0.02358808215424847,0.10815325546336012,0.09953566150890783,0.004093063503287293,0.03353064681563994,0.06751020211459743,0.30953971111076783,0.28487575132793225,0.011714540528045369,0.09596629046627791,0.1473480768502583,0.6756027935382837,0.6217711217660089,0.025568209899028936,0.20945646583395136,8,8,0.7429448522667073,0.15004866469398426
0.09698840438116069,0.2820117385328253,0.008273051126810302,0.043697215785368414,0.3357466322797358,0.1475472534726841,0.4290209508350005,0.012585689798574108,0.06647603097166416,0.5107671764646613,0.0918740446338094,0.2671407908867065,0.007836799391969343,0.041392988976916845,0.3180421543847084,8,9,0.8910006052455365,0.32467592689006
0.048959660633504,0.17899290604690862,0.06531333950069708,0.027268341637337403,0.06668151156048474,0.17568395662400557,0.6422875799190201,0.2343665326788887,0.09784810775718994,0.23927600054888093,0.07308440182486582,0.267191179433559,0.09749631200111526,0.040704743691730466,0.09953864716621338,8,10,0.7594251472909783,0.7373570773877997
0.6457782886159165,0.7650775307248779,0.742298919787946,0.35512147754632833,0.5973343885976805,0.1660886076630321,0.19677134408577535,0.1909128817594535,0.09133418201984234,0.15362925428179544,0.15391848074020525,0.18235294257109916,0.17692375851429348,0.08464167852297873,0.1423720852924449,8,11,1.8728795594636158,0.47601812936876653
0.0063819980434993324,0.009126885731352766,0.027906593666192876,0.00040480296424133267,0.0026622296869558064,0.13358146504554064,0.1910346507453408,0.5841123173263535,0.008472922218021435,0.05572307284448713,0.07554211291038383,0.10803266120401059,0.330323361948233,0.0047915513327875595,0.03151214623298754,8,12,0.6248059253435586,0.37588828514576933
0.17968819966373642,0.022933329304763248,0.1568252151331103,0.5039567832235332,0.3642617869895871,0.09837383540010883,0.012555301719451599,0.08585704530938507,0.27590104266376786,0.19942227226340736,0.20127410598618664,0.02568830541872577,0.17566459584478986,0.5644970075319965,0.4080204802455717,8,13,1.3415230168481398,0.3944762785700353
0.16561337955114333,0.1516566383497204,0.06341584045002358,0.048129666272814856,0.07044262983379215,0.7753953296200375,0.7100504162221625,0.2969104708940062,0.22534120458901077,0.3298096224309462,0.6932460413985977,0.634824097380945,0.2654542795581784,0.20146742194316966,0.2948679292116169,8,14,2.201894006269208,0.45944676840598664
0.4550712659675702,0.20665611646517237,0.48117002737162484,0.3156243861260401,0.4255852309929572,0.49867126707873194,0.2264556678351153,0.5272705291984213,0.3458640971667845,0.46636019951296315,0.4492286129860871,0.2040028617657359,0.474992292794062,0.3115720894891448,0.4201211487608055,8,15,2.614403350188861,0.7850165438370569
0.27311129534711087,0.1844004426497787,0.5939407349382213,0.4781854660183378,0.08774171799326695,0.05723937297040888,0.038647122592730336,0.12447963825970425,0.10021934905206023,0.018389136615158935,0.014185529767552019,0.009577846148888241,0.03084956250132256,0.024837179121400346,0.004557346304068964,8,16,0.7724081477409271,0.8920846889402344
0.7997268665024388,0.448849969866286,0.823746492894154,0.7365449910031505,0.39155694045265954,0.5355410504886366,0.30057460170778283,0.5516259120694681,0.49323099515097735,0.26220804126941805,0.6917671288212867,0.3882571261909391,0.7125442074469254,0.6371145387453306,0.33869841293640945,8,17,3.451361183711222,0.9553346865039283
0.010819474179163437,0.12937415388922174,0.26080898070315395,0.30503392204267055,0.12417868471592437,0.002635833866270634,0.03151805444464643,0.06353812880193511,0.07431218271492696,0.03025233733387264,0.0028128381622972544,0.033634588081493826,0.06780490824632689,0.07930247279199763,0.03228387420023755,8,18,0.4025105091884047,0.7869033862552951
0.09553768694883749,0.5723991876074646,0.6748719637628565,0.36039494082379114,0.11769735891385687,0.0599657401635824,0.3592754027245427,0.4235940613086246,0.2262075843356189,0.0738746087326549,0.027944338667484938,0.16742415754802686,0.19739697824879526,0.10541388013529626,0.03442594187484004,8,19,1.1791513738787194,0.31540689574801273
0.13386479675466165,0.009040756301620281,0.44946430739734516,0.057885790221692296,0.2834123554694002,0.017484563993580154,0.0011808457932054356,0.05870615453831327,0.00756067187182197,0.03701751009907279,0.1584750765660391,0.010702847812483469,0.5320957582226753,0.06852776278651401,0.3355161014817783,8,20,0.7533810919454629,0.6881347060865421
0.07371904681586355,0.1490702275597654,0.1752277879812014,0.2231950725813187,0.05552596063870714,0.21857523533621415,0.4419897092794096,0.5195462590706407,0.661768126725794,0.1646331638577713,0.08505631514571357,0.17199577045315484,0.20217610781163975,0.25752029159934653,0.06406531026711619,8,21,1.521310482595556,0.4376031240553919
0.005005522761191425,0.06231309692707874,0.40970662031849464,0.397812371389115,0.2719544814333891,0.00012777746574850908,0.0015906849270600752,0.010458702545630439,0.010155074521608368,0.00694226279539227,0.0007966135650291301,0.009916937882282376,0.06520354955898094,0.0633106163939499,0.043280719979931666,8,22,0.35791785413427196,0.2546706220460512
0.2356989982337814,0.26102260953353484,0.06883209683850534,0.3589007966768446,0.1643647326331839,0.2882113622245131,0.31917692662588076,0.08416748710539039,0.43886180377864253,0.20098423773057975,0.3603224557522841,0.39903566998068324,0.10522637072402535,0.5486659570007335,0.2512709198819502,8,23,1.6576883299561422,0.8408715794259226
0.11174717115213566,0.15134887606070663,0.013698214981188013,0.0484986361278681,0.215256787741068,0.26627433701058334,0.3606384055619238,0.03264049617308429,0.11556392924957547,0.5129199947687921,0.3295460293735015,0.4463327406117954,0.040396479928868884,0.1430240497471755,0.6347992433668677,8,24,1.2122429219445523,0.038426348962324997
0.06278318255957224,0.4573480461553152,0.18603920002529872,0.2951885364646204,0.21890583548844286,0.0020357639311751326,0.01482965052739999,0.006032378062975967,0.009571578740227914,0.007098088788160432,0.0018318005963738676,0.013343866773603032,0.005427993670628303,0.008612601577270295,0.0063869307615453475,9,1,0.2417421139941627,0.9017619921354235
0.11509932572073484,0.23269060295525393,0.09615162350690334,0.18329432977379598,0.1540547749818779,0.17379705091332684,0.3513568851566405,0.14518650306061606,0.27676977049468293,0.23261878732399238,0.2740128990764448,0.5539582990982619,0.2289047737078717,0.4363623363654845,0.3667527611045698,9,2,1.3275270712714773,0.46147746462473416
0.45348343887934883,0.6401314295480846,0.5005631270546953,0.14686776693711595,0.021307292015472025,0.29593276877941527,0.4177349161791333,0.32665588076214097,0.09584249652326134,0.013904644317138505,0.18159812848544962,0.2563415984449556,0.20045126077060926,0.05881341924310792,0.008532537291030255,9,3,1.4552998812781466,0.6372014768082804
0.2615099040818029,0.5933667842043767,0.05127793856568681,0.49493894613569167,0.5951266273989575,0.11177203192937235,0.25361108743772265,0.02191672015926207,0.21154201361820577,0.2543632625816279,0.11838258654516423,0.26861045638304887,0.023212944922388665,0.22405328330185417,0.2694071175650407,9,4,1.1855435366892844,0.6593539222057827
0.054690262625442194,0.126139600580182,0.017442013510104565,0.01229433096347864,0.11914902683884238,0.26566023603264927,0.6127283807850303,0.08472530947078391,0.05972022639550885,0.5787713767229583,0.23185904613577427,0.5347680933765142,0.07394531349825337,0.05212174367477951,0.5051315971923693,9,5,1.0701833894250383,0.8951177407065364
0.10938942601903567,0.15197833050220602,0.09599666317351625,0.05439808146856088,0.18083290150730927,0.04081909272263677,0.05671130922216875,0.035821530816530694,0.020298857140107245,0.06747850539636072,0.337181494862399,0.46845735031563435,0.29589970044285424,0.16767641164900243,0.5573985555050729,9,6,0.754964185767578,0.6366696821672073
0.5232266576596076,0.4546866306957501,0.17812204422908906,0.3863125904784504,0.2362614636100103,0.21844800496192102,0.18983242903300596,0.07436625147432237,0.1612861528484844,0.09863955633653208,0.7601354303959865,0.6605615609594286,0.2587728946356091,0.5612288344485754,0.34323692552380636,9,7,1.913809709168129,0.6139335847600618
0.013834194921645171,0.13856745481132612,0.020667533942967404,0.14354085135963177,0.06737269178513963,0.039594117450739354,0.39658658214114656,0.05915145557727036,0.41082067730736516,0.19282381711562968,0.0864183023929684,0.8655916935920344,0.12910423831066686,0.8966590950032407,0.4208581478497826,9,8,1.15926598091852,0.06665204056068996
0.07770534749610855,0.22745063068284205,0.366399213514236,0.3073347869592198,0.3385357465287397,0.11821217883050732,0.3460178159648319,0.5573985671124009,0.46754458949789246,0.5150102212872648,0.07360781538467981,0.21545678092836618,0.3470783740694088,0.2911285128853849,0.3206841940041534,9,9,1.808308124729558,0.5184080219452041
0.18064841420651745,0.18983275822050505,0.23286235742759473,0.06846276356931122,0.13420776543989424,0.6482281076910686,0.6811846656919868,0.8355895398849567,0.24566774012807535,0.4815832245784018,0.2696624347894101,0.2833723396321069,0.3476046582005455,0.10219760631503023,0.20033828115864097,9,10,2.2718067823862196,0.15016900081704165
0.19778318577721216,0.8830731794491591,0.8440827038396503,0.03525148064818857,0.6308541998820449,0.05086813001301379,0.2271188075301031,0.21709079339543422,0.009066376869786971,0.16225026072238027,0.047140772626520215,0.21047669851916906,0.2011834861660313,0.00840203896733824,0.1503613883064029,9,11,1.1297683838152186,0.7374337687214856
0.028806757803174016,0.005622047762093647,0.01768245388188848,0.028502888536906298,0.001056876910886109,0.6029536336946462,0.11767496190028423,0.37011106538160715,0.5965933525579727,0.022121468099285307,0.3409783794537573,0.06654677170643251,0.2093027792509091,0.3373815550320116,0.012509987372349539,9,12,1.6491107871348978,0.5122219208126745
0.6028209616001705,0.2570160676040913,0.799009477594077,0.8393422052834865,0.8161845299123064,0.33002617958867797,0.1407084960335919,0.4374334373601584,0.45951438158677094,0.4468362572053323,0.6752377192429193,0.28789135473506977,0.8949943211529298,0.9401722110915117,0.9142326089597349,9,13,3.4971706996434753,0.6802277792083533
0.08797883709912759,0.15993090738287805,0.1566854626999797,0.05920127985956501,0.1537849708161016,0.41191345516259453,0.7487902184151903,0.7335951740505385,0.2771780639646913,0.7200151851241886,0.3682732682052875,0.6694596097305506,0.6558744049294941,0.24781242324506772,0.6437331484557903,9,14,2.2772766005037037,0.041672900602384266
0.028529994020780828,0.4596774746250691,0.17731883712626964,0.09294764598640849,0.05932490415125559,0.031263429119924455,0.5037187927729331,0.19430760805931774,0.10185288297092966,0.06500877408625305,0.02816369786654487,0.45377568260150897,0.17504224330484663,0.09175429258979341,0.05856323261970203,9,15,0.5240524539159823,0.08479201604580322
0.4360301811787532,0.21283660912530403,0.45386368077450356,0.04092746875576608,0.1974412167635624,0.09138433522174583,0.04460684804704575,0.09512192627755124,0.008577684953925628,0.04138024182301711,0.022647613701956452,0.011054834076102861,0.023573894100039666,0.00212579207171783,0.010255190120135886,9,16,0.873950809847613,0.7163233880626823
0.49678939549913276,0.7281357245599682,0.29352255631086,0.5763507269584177,0.8158507026758813,0.3326774751244511,0.48759968829678024,0.1965588311873334,0.3859561141356993,0.54633845710822,0.4297249325338874,0.6298404876329365,0.2538982551773867,0.49854582143248544,0.7057143154452252,9,17,2.655322962006083,0.07208433599867337
0.2965518905835594,0.11217519409049827,0.01174952171384825,0.41897205580919755,0.010241696727964962,0.0722457952542725,0.027328054084979434,0.002862411493664472,0.10206972311553693,0.002495076067156018,0.0770973211009902,0.029163216398123692,0.003054631169516594,0.10892401682383494,0.002662628046987236,9,18,0.5286205302382809,0.0712567277652586
0.5996651034734048,0.3626209382154345,0.6437922164584428,0.5476180584668601,0.6841489851233755,0.37638928603443134,0.2276047668031365,0.40408636637977063,0.3437211351002756,0.4294169304837471,0.17539931385932647,0.10606497424246605,0.18830629359741272,0.16017579004632487,0.20011046477964112,9,19,2.364953279742759,0.01210847523488745
0.1724080159538499,0.37714557916243585,0.19758704529710702,0.23590423805556593,0.30847826376861004,0.022518832889844895,0.04926034456875852,0.025807556740486983,0.03081230350798462,0.040291458802091194,0.20410424690637566,0.44648164404155677,0.23391229726590576,0.27927388749280757,0.36519023413813906,9,20,0.8747133264754096,0.9565013982994801
0.23501338132201482,0.26471196262822,0.20666048113239152,0.11237650899508696,0.1133422545250763,0.6968091334377503,0.7848647266465139,0.6127434530052474,0.3331936990614708,0.33605711178328174,0.2711561406255669,0.3054220732449996,0.2384428417158934,0.12965891688665163,0.13077318463287624,9,21,2.2155471728310134,0.737508359459007
0.33576232528939326,0.10869616789397356,0.050290042249353246,0.1614311514689443,0.13075697660287733,0.008571104571122432,0.00277471935154292,0.001283768840455396,0.004120900935161398,0.003337872165678842,0.053435542242462906,0.017298661087381227,0.008003505678233552,0.025691271664065707,0.020809570998585495,9,22,0.4920832872094409,0.35325140850206416
0.11629902798995191,0.09168953701374662,0.016521305700876683,0.007015404210498556,0.3876746734900046,0.14220977404886895,0.11211743181978166,0.020202156383602423,0.008578395407764543,0.4740463327539235,0.17779096084820384,0.1401694508298848,0.02525677871769965,0.010724728115791615,0.5926537296791222,9,23,0.9294809982080317,0.2965355812876552
0.12476541528796124,0.11209370097729326,0.19822767908303154,0.06365649174805572,0.2770681285846655,0.29729457931801134,0.26710005813172577,0.4723425504268091,0.15168249864291322,0.660205815368731,0.36793725324202814,0.33056795705867503,0.5845798500330922,0.18772505722636285,0.8170828907759627,9,24,1.8924916036119825,0.34970322974584955
0.5962564837335899,0.06779707236451113,0.3166361336052004,0.6666030574918004,0.7163555225191733,0.019333799177230247,0.0021983408443492333,0.010267023649025559,0.021614808385433917,0.02322804730803351,0.017396744445992554,0.001978088916914566,0.009238369810596512,0.019449219177436406,0.0209008275762578,10,1,0.9197774330825967,0.7746535311811819
0.1512559054863971,0.19850619409130166,0.05405389190026912,0.3207522963183367,0.0749713300554432,0.22839256565709862,0.29973929825447837,0.08162000032431259,0.48432779970458156,0.1132047992904828,0.36008959136147234,0.47257668441571254,0.1286841910950418,0.7636036618742861,0.17848159724195678,10,2,1.5979554149520627,0.6613706110704144
0.6441642626465794,0.4439005516843945,0.41526374213438044,0.35031768921685363,0.15761561586943756,0.420366649474206,0.28967919897428257,0.27099148160121406,0.22860919459052653,0.10285629332436358,0.2579565525543948,0.17776064682483733,0.16629299315940682,0.14028524811035836,0.06311741159214986,10,3,1.9342161307697112,0.18519556786746794
0.17602042567731685,0.2198522010107672,0.1859021589508621,0.7773427785359612,0.3491184740392148,0.07523294656126102,0.09396709970660032,0.07945650134725009,0.33224432614762434,0.14921683889738455,0.07968246307774009,0.09952461381791716,0.08415581237049102,0.3518943157369133,0.15804199887792672,10,4,1.1024039951025424,0.17410933533408435
0.009464439767256722,0.15856827547053642,0.14460842361297668,0.15180237369569635,0.16279061967489325,0.045973911657841184,0.7702520241545879,0.7024414604193374,0.7373863735581039,0.790762237565388,0.040124436623655536,0.6722492694867728,0.6130665597956918,0.6435652687807133,0.6901498728607938,10,5,2.2496905407043952,0.09839564971339732
0.038390786835991196,0.08747819708377665,0.16739601468273213,0.1536602023407294,0.03397553965242514,0.014325672458328916,0.03264283183413354,0.06246447845466578,0.05733890628545649,0.012678105680275055,0.1183355957279694,0.2696424173159346,0.5159807535228285,0.4736415448152161,0.10472605685642679,10,6,0.7096320799950924,0.6603027197013381
0.5339719292883824,0.14689887120676512,0.14649113885506243,0.3514557815658799,0.38808583674902036,0.2229341738444072,0.061330524499293514,0.06116029556029739,0.14673337680999063,0.16202648613319287,0.7757459914304631,0.21341236165012628,0.21282001452462962,0.5105894125897895,0.5638049786441081,10,7,1.9024187181366519,0.7643726622217359
0.08762659960715688,0.013819808783006872,0.13254738802919536,0.04012098249036725,0.019564250963149645,0.2507914552531175,0.03955294364437523,0.37935686746797537,0.11482814156949483,0.05599380772484939,0.5473785807854092,0.08632843625430596,0.8279860393020214,0.25062442858389533,0.1222123416217074,10,8,1.4738356737422498,0.265046428325004
0.3730318469866489,0.4011130392684033,0.36185851164273847,0.3397760100528394,0.27502295847097474,0.5674887099329751,0.6102082785437565,0.5504908538218019,0.5168970187630134,0.41838900663682377,0.3533612577560954,0.37996168210090114,0.3427771109537552,0.3218590563714423,0.2605205408121207,10,9,2.685661098268695,0.020944961030912812
0.15105346534684144,0.02385309197076251,0.11200408047214608,0.10219685710555743,0.07122843637467052,0.5420313398933163,0.08559302742127563,0.40190883189894067,0.36671717039141316,0.2555919171931516,0.2254846544196094,0.03560663893090229,0.167193790098481,0.15255408377626256,0.10632605696210569,10,10,1.646129343723384,0.08217166747642735
0.6468093475744326,0.4433620998577344,0.07246335710423521,0.19686562552684836,0.6109011164948346,0.16635378713694332,0.1140289092309914,0.01863695063800706,0.0506321414282063,0.15711849971897318,0.154164229213398,0.10567345175718207,0.01727132985335231,0.04692207608280969,0.14560565660222252,10,11,1.206876685781772,0.9678600348450305
0.0023702644894400943,0.026501546613863503,0.01541593301203102,0.014962622331671487,0.018444073069019178,0.04961195551718149,0.5547033074161649,0.32267056535509153,0.313182329164719,0.38605250035702876,0.02805622729250773,0.31369217178677855,0.1824745392079785,0.1771088141849062,0.21831787487406526,10,12,1.0594755776359348,0.29544477747742026
0.7128197963831233,0.3006317582204501,0.5860488549889565,0.4889950902777425,0.23080808826134677,0.39024720293574305,0.16458676281786117,0.32084396028784307,0.26770996989487966,0.12636042281087978,0.798450691335094,0.3367465892591284,0.6564507829277106,0.5477379695020129,0.2585350162454705,10,13,2.8316825508381096,0.7692231478381336
0.16300828133076697,0.14794287389371355,0.12215961619067064,0.15780461393786172,0.16090520389939372,0.7631983622086124,0.6926627170984492,0.5719465185671856,0.7388349961310016,0.7533518363872337,0.6823412821718666,0.6192785387141798,0.5113516225106816,0.6605590938567462,0.6735379469099109,10,14,3.279496377119664,0.6246635688542638
0.5460924926867062,0.6452718590937797,0.5376959858166673,0.52433537838308,0.4769010248114492,0.5984131621478148,0.7070948215119234,0.5892121929083816,0.5745715167415779,0.5225925170384603,0.5390812195759384,0.6369872236238046,0.5307925153284051,0.5176034445280752,0.4707780998920685,10,15,3.296021938265904,0.3819396396528959
0.4713664561211043,0.09932174004901312,0.551619170141262,0.545966134356887,0.018315242988746667,0.09879020328824044,0.02081610764399166,0.11560977504505524,0.11442499715710425,0.0038385560844128846,0.024482996524303812,0.005158818122991424,0.028651360422299692,0.028357739071727686,0.0009513023776135178,10,16,1.0444224242719127,0.2056872621955551
0.7604515774477056,0.11866954011121479,0.30859347570698964,0.6846579776393211,0.14803540429115816,0.5092401589722547,0.07946764430974582,0.20665114688072922,0.45848460009098546,0.0991326404605104,0.6577938373376048,0.1026496551257569,0.26693466432661694,0.5922320522849378,0.12805125209593113,10,17,2.506547808505782,0.12138641815940643
0.39386940491353356,0.4006912061441747,0.24435705647726255,0.003074939965547191,0.1382152768601565,0.09595423023036642,0.09761615338993358,0.059530120804334265,0.000749115046047924,0.03367192356589562,0.10239784990990748,0.104171376286458,0.06352775026808323,0.0007994204097756725,0.03593309609384263,10,18,0.671743993402585,0.6150129680388666
0.4229436799955499,0.6726671839644672,0.4331494221243317,0.17811231667536606,0.434652301950291,0.26546728969924155,0.422210196399074,0.2718730851524933,0.11179501244789838,0.27281639144364134,0.12370910170137664,0.19675209019109702,0.12669423483059325,0.052097042088659416,0.12713382034050438,10,19,1.4783023806591158,0.774633780637788
0.26545386798841863,0.3833677435577232,0.052591098654247985,0.3741171667880709,0.2660836984105707,0.03467188726766775,0.050073043905592855,0.006869113106697819,0.048864792704173994,0.034754151691087476,0.3142560484465154,0.4538477178925993,0.06225967235582295,0.44289647531507964,0.31500166960154613,10,20,0.9043714107166768,0.6439042535411307
0.2590384975618077,0.09196135782434715,0.17017111675427724,0.250709413130334,0.027574440719928636,0.7680430365185834,0.27266325727870194,0.504553348131307,0.7433474975991519,0.08175756646280893,0.29887608474541527,0.10610411515321189,0.19634177001099187,0.2892660685979163,0.031815119987909916,10,21,2.205842563191413,0.5303021332491583
0.4266452916834883,0.31313944105701874,0.030880796159127314,0.13700467981372036,0.3223742037686756,0.010891101038939968,0.007993603488209234,0.0007883032525798317,0.0034973591405897957,0.008229342017905476,0.06789928705268333,0.049835179739006114,0.004914583809305248,0.021803873764846205,0.051304863845323116,10,22,0.48706780746429423,0.041951223431636264
0.026434677096607493,0.22849815434950177,0.1357568711242819,0.24370533979665518,0.017953453528347995,0.03232416918641968,0.27940621226373213,0.16600271130239852,0.29800147005510236,0.02195337840556868,0.040411744809457174,0.34931423861383476,0.20753694141809345,0.3725620693066229,0.027446160200275686,10,23,0.8492178220651067,0.9684887775943838
0.2541946723224722,0.283930303095341,0.2825854137269639,0.21864538638029413,0.037941288251097764,0.6057022933684814,0.6765571999222909,0.6733525592926892,0.5209944439629154,0.09040758052509694,0.749628326946405,0.8373196658061103,0.8333535434718642,0.6447923305760026,0.11189008870248968,10,24,2.740674945947886,0.7987141916545746
